408880904	Messy heavyweight long-sleeve shirt provides exceptional comfort and lasting durability
408880721	Accidental Cheerleader heavyweight long-sleeve shirt provides exceptional comfort and lasting durability.
408880474	Men’s Heavy Tee
408880393	Heavy heavyweight long-sleeve shirt provides exceptional comfort and lasting durability
408875632	The Climb/Unforgettable heavyweight long-sleeve shirt provides exceptional comfort and lasting durability
408101801	Patriot Crop Hoodie
407598341	Truth Tee's sturdy cotton fabric keeps edges crisp, holds shape through repeated washes, and layers perfectly for streetwear looks. 100% Cotton
407591493	Faith Tee's sturdy cotton fabric keeps edges crisp, holds shape through repeated washes, and layers perfectly for streetwear looks. 100% Cotton
407453890	TestProduct Can Cooler
407452483	Light Classic Tee's sturdy cotton fabric keeps edges crisp, holds shape through repeated washes, and layers perfectly for streetwear looks. 100% Cotton
406872283	Garment-dyed heavyweight long-sleeve shirt
406374826	LOVE tee's sturdy cotton fabric keeps edges crisp, holds shape through repeated washes, and layers perfectly for streetwear looks. 100% Cotton
406372796	Multicolor Sweatshirt Sweatshirt is made of a fabric that feels like cotton and is super soft to the touch. Plus, the inside’s brushed fleece gives an extra comfy feel. 
406371194	Multi Color Joggers Perfect for athleisure fits and street style vibes, these trendy joggers feature a comfortable wide-leg cut and practical side pockets. Polyester/elastane blend
406370294	Mind Tee's sturdy cotton fabric keeps edges crisp, holds shape through repeated washes, and layers perfectly for streetwear looks. 100% Cotton
406332650	Safe Tee's sturdy cotton fabric keeps edges crisp, holds shape through repeated washes, and layers perfectly for streetwear looks. 100% Cotton
406331944	The Climb Tee's sturdy cotton fabric keeps edges crisp, holds shape through repeated washes, and layers perfectly for streetwear looks. 100% Cotton
405949039	Your Story retro-style tee features contrast trims and a relaxed fit for a classic throwback look. Made from soft, breathable cotton, it’s ideal for everyday wear. 100% combed ring-spun cotton
405945273	; retro-style tee features contrast trims and a relaxed fit for a classic throwback look. Made from soft, breathable cotton, it’s ideal for everyday wear. 100% combed ring-spun cotton
405510593	Patriot Boxy Football Jersey  is built for performance and style. Designed with two premium fabrics, it combines comfort and breathability in one versatile piece
405508342	Patriot Leggings - a beloved item for sports and athleisure! Four-way stretch fabric that stretches and recovers on the cross and lengthwise grains Elastic waistband. Polyester/elastene blend.
405370509	We the People Tee gives a structured look that elevates the basic t-shirt. Its sturdy cotton fabric keeps edges crisp, holds shape through repeated washes, and layers perfectly for streetwear looks.
405370119	Patriot Sweatshirt is made to feel as good as it looks. The soft cotton blend offers just the right amount of stretch for a comfortable feel.
405370052	Women’s Patriot Tee works for lounging, running errands, or as part of a streetwear look. The all-over cotton decoration technique gives you the freedom to cover the entire garment with your design. 9
405369860	Patriot Crew Neck T-shirt is built for comfort, styled for impact, this cotton t-shirt delivers clean lines, everyday comfort, and premium quality. 96% Cotton, 4% elastene.
405368640	Patriot Hoodie -- designed for leisure and streetwear, it combines a relaxed unisex fit with a clean drop-shoulder cut. 95% Cotton, 5% elastene.
405190886	FREEDOM Long Sleeve Tee can be styled with jeans for a casual look or worn with a blazer for a more classy business look while remaining in comfort. Made from 100% cotton and featuring a classic crew 
403602928	Radiant Tee gives a structured look that elevates the basic t-shirt. Its sturdy cotton fabric keeps edges crisp, holds shape through repeated washes, and layers perfectly for streetwear looks for a lo
403602685	Chosen Tee's sturdy cotton fabric keeps edges crisp, holds shape through repeated washes, and layers perfectly for streetwear looks. 100% Cotton
403602399	Unshaken Tee's sturdy cotton fabric keeps edges crisp, holds shape through repeated washes, and layers perfectly for streetwear looks. 100% Cotton.
403602081	Redeemed Tee's sturdy cotton fabric keeps edges crisp, holds shape through repeated washes, and layers perfectly for streetwear looks. 100% Cotton.
403601375	Power Tee's sturdy cotton fabric keeps edges crisp, holds shape through repeated washes, and layers perfectly for streetwear looks. 100% Cotton.
403600962	Builder Tee's turdy cotton fabric keeps edges crisp, holds shape through repeated washes, and layers perfectly for streetwear looks. 100% Cotton.
403264720	Watchman Tee's sturdy cotton fabric keeps edges crisp, holds shape through repeated washes, and layers perfectly for streetwear looks. 100% Cotton.
403262589	Courageous Tee gives a structured look that keeps edges crisp, holds shape through repeated washes, and layers perfectly for streetwear looks. 100% Cotton
403261853	Strength Tee's sturdy cotton fabric keeps edges crisp, holds shape through repeated washes, and layers perfectly for streetwear looks for a long-lasting tee that feels timeless and chic.  100% Cotton.
402181469	Hat Hair Beanie's thick knit offers tons of warmth and comfort. 
402037152	Joy Relaxed T-Shirt's soft and smooth fabric, as well as the relaxed fit will appeal to anyone looking for a comfy everyday t-shirt, or an addition to their business casual wardrobe. - Resilience Coll
402034024	Seasonal Joy Tee's sturdy cotton fabric keeps edges crisp, holds shape through repeated washes, and layers perfectly for streetwear looks. 100% Cotton 
